{
    "polys": [
        [
            0.0892857164144516, 
            0.3392857015132904
        ], 
        [
            0.0892857164144516, 
            0.375
        ], 
        [
            0.1607142835855484, 
            0.375
        ], 
        [
            0.125, 
            0.4107142984867096
        ], 
        [
            0.125, 
            0.875
        ], 
        [
            0.1964285671710968, 
            0.875
        ], 
        [
            0.2321428507566452, 
            0.8392857313156128
        ], 
        [
            0.2321428507566452, 
            0.8035714030265808
        ], 
        [
            0.8035714030265808, 
            0.8035714030265808
        ], 
        [
            0.8035714030265808, 
            0.8392857313156128
        ], 
        [
            0.875, 
            0.8392857313156128
        ], 
        [
            0.875, 
            0.8035714030265808
        ], 
        [
            0.9107142686843872, 
            0.8035714030265808
        ], 
        [
            0.9107142686843872, 
            0.375
        ], 
        [
            0.875, 
            0.3035714328289032
        ], 
        [
            0.875, 
            0.2678571343421936
        ], 
        [
            0.9464285969734192, 
            0.2678571343421936
        ], 
        [
            0.875, 
            0.1607142835855484
        ], 
        [
            0.8392857313156128, 
            0.0892857164144516
        ], 
        [
            0.3035714328289032, 
            0.0892857164144516
        ], 
        [
            0.2321428507566452, 
            0.1607142835855484
        ], 
        [
            0.1964285671710968, 
            0.2678571343421936
        ], 
        [
            0.1607142835855484, 
            0.3392857015132904
        ]
    ], 
    "polys_ggnn": [
        [
            0.0758928582072258, 
            0.3348214328289032
        ], 
        [
            0.0758928582072258, 
            0.34375
        ], 
        [
            0.0758928582072258, 
            0.3526785671710968
        ], 
        [
            0.1383928507566452, 
            0.3705357015132904
        ], 
        [
            0.1473214328289032, 
            0.3794642984867096
        ], 
        [
            0.1383928507566452, 
            0.3883928656578064
        ], 
        [
            0.1205357164144516, 
            0.4151785671710968
        ], 
        [
            0.1026785746216774, 
            0.5758928656578064
        ], 
        [
            0.1294642835855484, 
            0.8794642686843872
        ], 
        [
            0.15625, 
            0.8883928656578064
        ], 
        [
            0.2098214328289032, 
            0.8794642686843872
        ], 
        [
            0.2098214328289032, 
            0.8705357313156128
        ], 
        [
            0.21875, 
            0.8526785969734192
        ], 
        [
            0.21875, 
            0.8258928656578064
        ], 
        [
            0.2366071492433548, 
            0.8080357313156128
        ], 
        [
            0.5758928656578064, 
            0.7991071343421936
        ], 
        [
            0.7991071343421936, 
            0.7901785969734192
        ], 
        [
            0.7991071343421936, 
            0.8169642686843872
        ], 
        [
            0.8080357313156128, 
            0.8526785969734192
        ], 
        [
            0.84375, 
            0.8526785969734192
        ], 
        [
            0.8794642686843872, 
            0.84375
        ], 
        [
            0.8883928656578064, 
            0.8258928656578064
        ], 
        [
            0.8973214030265808, 
            0.8169642686843872
        ], 
        [
            0.8973214030265808, 
            0.8080357313156128
        ], 
        [
            0.90625, 
            0.8080357313156128
        ], 
        [
            0.8973214030265808, 
            0.65625
        ], 
        [
            0.90625, 
            0.3705357015132904
        ], 
        [
            0.8705357313156128, 
            0.3616071343421936
        ], 
        [
            0.8616071343421936, 
            0.2901785671710968
        ], 
        [
            0.8705357313156128, 
            0.2723214328289032
        ], 
        [
            0.8883928656578064, 
            0.2633928656578064
        ], 
        [
            0.8883928656578064, 
            0.2633928656578064
        ], 
        [
            0.9330357313156128, 
            0.2633928656578064
        ], 
        [
            0.9151785969734192, 
            0.2455357164144516
        ], 
        [
            0.8794642686843872, 
            0.1473214328289032
        ], 
        [
            0.8616071343421936, 
            0.1205357164144516
        ], 
        [
            0.8348214030265808, 
            0.0848214253783226
        ], 
        [
            0.6383928656578064, 
            0.0758928582072258
        ], 
        [
            0.3169642984867096, 
            0.09375
        ], 
        [
            0.28125, 
            0.1294642835855484
        ], 
        [
            0.2366071492433548, 
            0.1741071492433548
        ], 
        [
            0.21875, 
            0.21875
        ], 
        [
            0.1919642835855484, 
            0.28125
        ], 
        [
            0.1830357164144516, 
            0.3080357015132904
        ], 
        [
            0.1473214328289032, 
            0.3526785671710968
        ], 
        [
            0.1205357164144516, 
            0.34375
        ]
    ], 
    "img_source": "imgs/crop_image_1.png"
}