{
    "polys": [
        [
            0.1607142835855484, 
            0.875
        ], 
        [
            0.2678571343421936, 
            0.875
        ], 
        [
            0.3035714328289032, 
            0.8392857313156128
        ], 
        [
            0.3035714328289032, 
            0.7678571343421936
        ], 
        [
            0.7321428656578064, 
            0.7678571343421936
        ], 
        [
            0.7321428656578064, 
            0.8035714030265808
        ], 
        [
            0.7678571343421936, 
            0.8392857313156128
        ], 
        [
            0.8035714030265808, 
            0.8392857313156128
        ], 
        [
            0.8392857313156128, 
            0.8035714030265808
        ], 
        [
            0.8392857313156128, 
            0.625
        ], 
        [
            0.875, 
            0.5535714030265808
        ], 
        [
            0.875, 
            0.4821428656578064
        ], 
        [
            0.8392857313156128, 
            0.4464285671710968
        ], 
        [
            0.8392857313156128, 
            0.375
        ], 
        [
            0.8035714030265808, 
            0.3035714328289032
        ], 
        [
            0.7678571343421936, 
            0.1607142835855484
        ], 
        [
            0.6964285969734192, 
            0.0892857164144516
        ], 
        [
            0.3035714328289032, 
            0.0892857164144516
        ], 
        [
            0.2321428507566452, 
            0.1607142835855484
        ], 
        [
            0.1964285671710968, 
            0.3035714328289032
        ], 
        [
            0.0892857164144516, 
            0.3035714328289032
        ], 
        [
            0.0892857164144516, 
            0.3392857015132904
        ], 
        [
            0.125, 
            0.375
        ], 
        [
            0.1607142835855484, 
            0.375
        ], 
        [
            0.125, 
            0.4464285671710968
        ], 
        [
            0.125, 
            0.5535714030265808
        ], 
        [
            0.1607142835855484, 
            0.625
        ], 
        [
            0.1607142835855484, 
            0.8392857313156128
        ]
    ], 
    "polys_ggnn": [
        [
            0.1651785671710968, 
            0.8616071343421936
        ], 
        [
            0.21875, 
            0.8616071343421936
        ], 
        [
            0.2723214328289032, 
            0.8616071343421936
        ], 
        [
            0.28125, 
            0.84375
        ], 
        [
            0.2901785671710968, 
            0.8526785969734192
        ], 
        [
            0.2901785671710968, 
            0.7991071343421936
        ], 
        [
            0.2901785671710968, 
            0.7633928656578064
        ], 
        [
            0.5044642686843872, 
            0.7544642686843872
        ], 
        [
            0.7276785969734192, 
            0.7544642686843872
        ], 
        [
            0.7276785969734192, 
            0.78125
        ], 
        [
            0.7276785969734192, 
            0.8169642686843872
        ], 
        [
            0.7455357313156128, 
            0.8258928656578064
        ], 
        [
            0.7544642686843872, 
            0.8348214030265808
        ], 
        [
            0.7723214030265808, 
            0.8348214030265808
        ], 
        [
            0.8169642686843872, 
            0.8348214030265808
        ], 
        [
            0.8169642686843872, 
            0.8258928656578064
        ], 
        [
            0.8258928656578064, 
            0.8169642686843872
        ], 
        [
            0.8348214030265808, 
            0.71875
        ], 
        [
            0.84375, 
            0.6294642686843872
        ], 
        [
            0.8526785969734192, 
            0.59375
        ], 
        [
            0.8616071343421936, 
            0.5669642686843872
        ], 
        [
            0.8705357313156128, 
            0.5133928656578064
        ], 
        [
            0.8616071343421936, 
            0.4955357015132904
        ], 
        [
            0.8526785969734192, 
            0.46875
        ], 
        [
            0.8258928656578064, 
            0.4508928656578064
        ], 
        [
            0.8258928656578064, 
            0.3883928656578064
        ], 
        [
            0.8258928656578064, 
            0.3616071343421936
        ], 
        [
            0.8169642686843872, 
            0.3258928656578064
        ], 
        [
            0.8080357313156128, 
            0.2991071343421936
        ], 
        [
            0.78125, 
            0.2455357164144516
        ], 
        [
            0.7633928656578064, 
            0.1651785671710968
        ], 
        [
            0.7276785969734192, 
            0.1205357164144516
        ], 
        [
            0.7008928656578064, 
            0.09375
        ], 
        [
            0.5669642686843872, 
            0.0758928582072258
        ], 
        [
            0.3080357015132904, 
            0.0758928582072258
        ], 
        [
            0.2723214328289032, 
            0.1116071417927742
        ], 
        [
            0.2366071492433548, 
            0.1651785671710968
        ], 
        [
            0.21875, 
            0.2276785671710968
        ], 
        [
            0.2008928507566452, 
            0.3169642984867096
        ], 
        [
            0.1383928507566452, 
            0.2991071343421936
        ], 
        [
            0.0848214253783226, 
            0.2991071343421936
        ], 
        [
            0.0848214253783226, 
            0.3169642984867096
        ], 
        [
            0.0848214253783226, 
            0.3258928656578064
        ], 
        [
            0.1116071417927742, 
            0.3526785671710968
        ], 
        [
            0.1383928507566452, 
            0.3616071343421936
        ], 
        [
            0.1383928507566452, 
            0.3794642984867096
        ], 
        [
            0.15625, 
            0.3883928656578064
        ], 
        [
            0.1473214328289032, 
            0.40625
        ], 
        [
            0.1383928507566452, 
            0.4419642984867096
        ], 
        [
            0.1205357164144516, 
            0.5044642686843872
        ], 
        [
            0.1383928507566452, 
            0.5669642686843872
        ], 
        [
            0.1383928507566452, 
            0.59375
        ], 
        [
            0.15625, 
            0.6294642686843872
        ], 
        [
            0.1651785671710968, 
            0.7276785969734192
        ], 
        [
            0.1651785671710968, 
            0.8526785969734192
        ], 
        [
            0.1651785671710968, 
            0.8526785969734192
        ]
    ], 
    "img_source": "imgs/input.png"
}